condition,condition_key,trial,file,window_index,start_seconds,midpoint_seconds,video_repeat,eeg_exponent,eeg_r2,eeg_flag,model_flag,accepted_without_eog_screen,duration_seconds,blink_candidates,blink_rate_per_min,horizontal_saccades,horizontal_saccades_per_min,vertical_saccades,vertical_saccades_per_min,horizontal_direction_balance,vertical_direction_balance,horizontal_rms_uv,vertical_rms_uv,horizontal_drift_rms_uv,vertical_drift_rms_uv,horizontal_total_variation_uv_per_min,vertical_total_variation_uv_per_min
Eyes closed,eyes_closed,1,OpenBCI-RAW-2026-06-05_16-34-55.txt,0,2.0,12.0,,0.9553323624612898,0.8871057618624818,False,False,True,20.0,6,18.0,9,27.0,3,9.0,0.11111111111111116,-0.3333333333333333,3833.3617956118073,1339.4688000695205,3856.6052941877515,1344.9616299706865,125617.91918172194,50126.84668632418
Eyes closed,eyes_closed,1,OpenBCI-RAW-2026-06-05_16-34-55.txt,4,22.0,32.0,,1.1965880699632911,0.903327756210896,False,False,True,20.0,5,15.0,3,9.0,0,0.0,-0.3333333333333333,,54.26253612606528,58.923953670775674,51.604640028150634,40.57931529527718,9659.480697642768,14183.867929933569
Eyes closed,eyes_closed,1,OpenBCI-RAW-2026-06-05_16-34-55.txt,8,42.0,52.0,,1.169439333829421,0.9017493914091154,False,False,True,20.0,10,30.0,6,18.0,7,21.0,0.6666666666666667,0.4285714285714286,19.25777056812807,49.62322125915146,12.357244010617153,24.139917987733625,9608.9322562231,19945.320751849475
Eyes closed,eyes_closed,1,OpenBCI-RAW-2026-06-05_16-34-55.txt,12,62.0,72.0,,1.3529298548316988,0.927620616994318,False,False,True,20.0,0,0.0,11,33.0,2,6.0,0.4545454545454546,0.0,25.51226799405174,18.414670659726404,17.606547303308446,14.192407107819468,9471.725128149352,8891.869668080828
Eyes closed,eyes_closed,1,OpenBCI-RAW-2026-06-05_16-34-55.txt,16,82.0,92.0,,1.3171606585268028,0.915024999757564,False,False,True,20.0,4,12.0,11,33.0,1,3.0,0.2727272727272727,1.0,36.69778956033812,36.10232602996834,24.848360539882794,21.203092245617423,11380.528003954321,12951.704591618656
Eyes closed,eyes_closed,1,OpenBCI-RAW-2026-06-05_16-34-55.txt,20,102.0,112.0,,1.096962569780575,0.9099857824045308,False,False,True,20.0,6,18.0,8,24.0,2,6.0,0.0,0.0,88.93563698133134,102.46904395166618,70.13852184788821,93.63790785196537,17455.045210106007,18320.277963481134
Nature,nature,1,OpenBCI-RAW-2026-06-05_16-06-48.txt,0,2.0,12.0,,1.605194269758328,0.885570336893953,False,False,True,20.0,11,33.0,16,48.0,13,39.0,0.5,-0.23076923076923078,3697.8820831775465,857.6796045722651,3726.4966993172407,858.5526717561097,126978.09897205039,55089.39158325031
Nature,nature,1,OpenBCI-RAW-2026-06-05_16-06-48.txt,4,22.0,32.0,,1.5028461271338638,0.8900102386874659,False,False,True,20.0,5,15.0,6,18.0,5,15.0,0.0,0.19999999999999996,128.98589010346822,82.40305594752965,118.63133302110194,58.752706905996035,12982.657328157817,20473.51021745653
Nature,nature,1,OpenBCI-RAW-2026-06-05_16-06-48.txt,8,42.0,52.0,,1.4378372629996825,0.8695445391243523,False,False,True,20.0,8,24.0,10,30.0,8,24.0,0.6000000000000001,-0.25,149.3677382280732,143.55184637636637,126.76504192247477,80.04193842494243,21206.058454108705,45509.69162243735
Nature,nature,2,OpenBCI-RAW-2026-06-05_16-09-00.txt,0,2.0,12.0,,2.0472812169684955,0.903982727865946,False,False,True,20.0,8,24.0,25,75.0,20,60.0,-0.12000000000000005,0.10000000000000003,3855.725868391053,878.4130343370514,3875.7523670302608,875.0326242611945,144132.9842450818,61308.823303293044
Nature,nature,2,OpenBCI-RAW-2026-06-05_16-09-00.txt,4,22.0,32.0,,1.1367993929745086,0.8570513206555745,False,False,True,20.0,6,18.0,13,39.0,12,36.0,0.07692307692307687,-0.3333333333333333,201.90703690240872,100.96246597302321,181.1989729677167,63.13379126541361,25011.00859922053,35186.8805105521
Nature,nature,2,OpenBCI-RAW-2026-06-05_16-09-00.txt,8,42.0,52.0,,1.5382077596065766,0.8939768260832728,False,False,True,20.0,6,18.0,12,36.0,8,24.0,0.16666666666666669,0.0,179.1760100872664,122.56916489686694,138.83745668411825,79.68814129339218,23070.881079714534,32961.32984652151
Nature,nature,2,OpenBCI-RAW-2026-06-05_16-09-00.txt,12,62.0,72.0,,1.4537520889542026,0.8879413640071516,False,False,True,20.0,13,39.0,12,36.0,6,18.0,0.16666666666666669,-0.3333333333333333,291.8970051300614,157.06909888916633,211.32022334927422,68.81491828333428,36947.90684309883,63051.95287702799
Nature,nature,3,OpenBCI-RAW-2026-06-05_16-11-15.txt,0,2.0,12.0,,1.2508617436121896,0.8363760980630373,False,False,True,20.0,9,27.0,15,45.0,12,36.0,0.3333333333333333,-0.16666666666666669,3912.384580085906,883.6667802874241,3932.6040599686125,872.9942157886218,139809.7088908097,64469.733495051914
Nature,nature,3,OpenBCI-RAW-2026-06-05_16-11-15.txt,4,22.0,32.0,,1.3855784701139924,0.8812901614995801,False,False,True,20.0,16,48.0,4,12.0,3,9.0,-0.5,-0.3333333333333333,213.50138696732412,172.74152287394494,148.60958946520364,81.3511693535697,29230.03380591516,61762.11003994483
Nature,nature,3,OpenBCI-RAW-2026-06-05_16-11-15.txt,8,42.0,52.0,,1.389001284611724,0.9047636002250792,False,False,True,20.0,9,27.0,6,18.0,3,9.0,0.3333333333333333,-0.3333333333333333,195.4440085721382,110.98100243856382,131.75677782844045,44.97058756868146,26084.594573167687,39866.3109244691
Still image,still_image,1,OpenBCI-RAW-2026-06-05_16-25-53.txt,0,2.0,12.0,,0.7315841580839563,0.7872043576508811,False,True,False,20.0,11,33.0,10,30.0,4,12.0,0.39999999999999997,-0.5,3951.510034631285,1141.6469690998574,3974.1676353023636,1146.7089740364047,129126.16745727994,55669.10535260235
Still image,still_image,1,OpenBCI-RAW-2026-06-05_16-25-53.txt,4,22.0,32.0,,0.9724287435947228,0.6938309175109973,False,True,False,20.0,12,36.0,2,6.0,0,0.0,0.0,,93.09734533538746,98.152414182132,74.4489050930817,41.17807206125315,12851.79367895322,34146.71980714746
Still image,still_image,1,OpenBCI-RAW-2026-06-05_16-25-53.txt,8,42.0,52.0,,0.9206359384804572,0.6486613225237116,False,True,False,20.0,12,36.0,0,0.0,0,0.0,,,26.276120910308634,95.74601045376195,21.017756760542362,24.4401936504298,9017.352015394881,34834.367336823714
Still image,still_image,1,OpenBCI-RAW-2026-06-05_16-25-53.txt,12,62.0,72.0,,0.7242424052898041,0.7732178049758441,False,True,False,20.0,15,45.0,9,27.0,2,6.0,0.11111111111111116,0.0,57.02531204845758,114.97720372622888,40.06832247028713,33.552405560641084,14153.91290345868,46388.80268460837
Still image,still_image,2,OpenBCI-RAW-2026-06-05_16-28-12.txt,0,2.0,12.0,,0.7053554639417079,0.7563989236465681,False,True,False,20.0,9,27.0,8,24.0,6,18.0,-0.5,0.3333333333333333,3913.880729732565,1192.7795773568075,3934.729862425138,1194.7829309653796,129857.15140042038,57172.78528776804
Still image,still_image,2,OpenBCI-RAW-2026-06-05_16-28-12.txt,4,22.0,32.0,,1.0158428351862911,0.7695161232001357,False,True,False,20.0,10,30.0,0,0.0,0,0.0,,,49.23296586940265,70.91919987015449,46.891654583221765,23.60484681885012,8915.580386208858,28330.992416641046
Still image,still_image,2,OpenBCI-RAW-2026-06-05_16-28-12.txt,8,42.0,52.0,,0.8640362397453643,0.7955817030146355,False,True,False,20.0,12,36.0,5,15.0,1,3.0,-0.19999999999999996,-1.0,44.16150785182241,107.9016145998306,36.88817499123088,41.141921469176836,12142.113902191973,38618.2387328481
Still image,still_image,3,OpenBCI-RAW-2026-06-05_16-29-59.txt,0,2.0,12.0,,0.8069506144505019,0.5575979337305025,False,True,False,20.0,15,45.0,3,9.0,3,9.0,0.3333333333333333,0.3333333333333333,3824.9336597545457,1193.3310136504842,3852.9909404853706,1199.927733958934,127932.93975460292,77235.37340817544
Still image,still_image,3,OpenBCI-RAW-2026-06-05_16-29-59.txt,4,22.0,32.0,,0.8191044931082292,0.5219144102931386,False,True,False,20.0,15,45.0,1,3.0,0,0.0,-1.0,,61.94478579357228,145.18913576754048,56.30283549406864,42.74088168775376,12295.991061754874,56241.28992534957
Still image,still_image,3,OpenBCI-RAW-2026-06-05_16-29-59.txt,8,42.0,52.0,,0.5110676868620143,0.6303990946638129,False,True,False,20.0,16,48.0,6,18.0,3,9.0,0.0,-0.3333333333333333,106.28980249862842,138.22415799893182,69.65150488075358,57.36051359610415,22539.10127546227,58418.54352201498
Sturm Hall,sturm_hall,1,OpenBCI-RAW-2026-06-05_16-14-56.txt,0,2.0,12.0,,0.6557129034120591,0.6180028880198515,False,True,False,20.0,16,48.0,5,15.0,0,0.0,-0.6000000000000001,,4136.9937956047215,984.2251045359064,4145.082084945001,979.0212867618601,151147.2397486351,79192.32065307032
Sturm Hall,sturm_hall,1,OpenBCI-RAW-2026-06-05_16-14-56.txt,4,22.0,32.0,,0.6558574200274971,0.552706653951923,False,True,False,20.0,7,21.0,8,24.0,5,15.0,0.25,-0.6000000000000001,203.24094855250266,108.49679376711111,186.97158599247746,61.63955443966541,25404.50889984571,39936.24318606344
Sturm Hall,sturm_hall,1,OpenBCI-RAW-2026-06-05_16-14-56.txt,8,42.0,52.0,,1.1520524906141434,0.6969500284305477,False,True,False,20.0,17,51.0,12,36.0,0,0.0,0.0,,314.19134422199966,273.3041198099007,263.30120808196637,178.4216135976559,49403.15916151944,74456.71368864857
Sturm Hall,sturm_hall,2,OpenBCI-RAW-2026-06-05_16-16-52.txt,0,2.0,12.0,,0.2102784555334455,0.6126278917650988,False,True,False,20.0,14,42.0,6,18.0,2,6.0,0.6666666666666667,0.0,4008.978467617051,943.1841862019219,4034.124814067953,942.2148268811769,136082.1111205847,73283.52298919357
Sturm Hall,sturm_hall,2,OpenBCI-RAW-2026-06-05_16-16-52.txt,4,22.0,32.0,,0.246418910359415,0.5311854869135646,False,True,False,20.0,11,33.0,8,24.0,2,6.0,0.0,-1.0,144.08296836747905,101.84469623189642,104.74386027010354,47.189251943175854,21211.0722447348,43705.92488918026
Sturm Hall,sturm_hall,2,OpenBCI-RAW-2026-06-05_16-16-52.txt,8,42.0,52.0,,1.1744867182355496,0.6967249375793282,False,True,False,20.0,16,48.0,7,21.0,4,12.0,0.14285714285714285,-1.0,234.94481325388352,153.17658465280422,177.28323109569547,60.67675693070983,33217.04656685454,68907.77061343504
Sturm Hall,sturm_hall,2,OpenBCI-RAW-2026-06-05_16-16-52.txt,12,62.0,72.0,,1.0904424769813392,0.6777065781835483,False,True,False,20.0,22,66.0,9,27.0,3,9.0,0.3333333333333333,-0.3333333333333333,276.86774456229176,175.96974402146188,242.65289866199083,74.57104219097768,35466.61689901504,79908.76419582489
Sturm Hall,sturm_hall,3,OpenBCI-RAW-2026-06-05_16-19-10.txt,0,2.0,12.0,,0.6827546156055065,0.5501164512605524,False,True,False,20.0,10,30.0,8,24.0,0,0.0,0.0,,3983.688743611195,984.2050234063751,4000.859121813936,986.6412658372222,134458.06531894987,54223.70440667571
Sturm Hall,sturm_hall,3,OpenBCI-RAW-2026-06-05_16-19-10.txt,4,22.0,32.0,,0.6500935202202335,0.443147368643298,False,True,False,20.0,11,33.0,9,27.0,2,6.0,0.3333333333333333,-1.0,101.1108631685659,102.20629849921974,84.59446531398706,58.51720143225816,19146.746102633322,39527.8283112012
Video,video,1,OpenBCI-RAW-2026-06-05_15-20-10.txt,0,2.0,12.0,1.0,0.7339255453909603,0.7717211264161203,False,True,False,20.0,12,36.0,1,3.0,2,6.0,-1.0,0.0,88.32606027906408,252.16658670174795,56.14762841685428,130.1629186139992,21553.775654593413,65746.95548225682
Video,video,1,OpenBCI-RAW-2026-06-05_15-20-10.txt,4,22.0,32.0,1.0,0.6187437617654372,0.7037870230698663,False,True,False,20.0,7,21.0,10,30.0,5,15.0,0.19999999999999996,-0.19999999999999996,432.5991369986149,248.30599743613092,389.7564950791331,200.53508940615788,35038.93132214645,34054.713315750596
Video,video,1,OpenBCI-RAW-2026-06-05_15-20-10.txt,8,42.0,52.0,1.0,0.9853126784273613,0.5844629366529484,False,True,False,20.0,7,21.0,5,15.0,6,18.0,-0.19999999999999996,0.0,125.62216251900692,192.3999869180385,76.30555429116899,153.9053699623099,24226.468623340465,47279.74637574277
Video,video,1,OpenBCI-RAW-2026-06-05_15-20-10.txt,12,62.0,72.0,1.0,1.3027837364358352,0.7479499445159845,False,True,False,20.0,4,12.0,23,69.0,7,21.0,-0.13043478260869562,0.14285714285714285,1595.8757232241558,190.89149847722177,1262.8349217136904,157.32510932791897,119803.75716252846,31264.443583749457
Video,video,1,OpenBCI-RAW-2026-06-05_15-20-10.txt,16,82.0,92.0,1.0,1.3516467768511566,0.68595178035637,False,True,False,20.0,8,24.0,6,18.0,3,9.0,0.0,0.3333333333333333,182.98288188865993,189.0529086604536,140.17107789573936,157.45064958270254,20405.503075663357,35333.229741104995
Video,video,1,OpenBCI-RAW-2026-06-05_15-20-10.txt,20,102.0,112.0,1.0,0.777916806397215,0.6951680629923251,False,True,False,20.0,6,18.0,9,27.0,3,9.0,0.11111111111111116,0.3333333333333333,279.6929589035844,183.21942706568842,221.55998315130898,147.637658280116,29953.286161221426,35512.29044496453
Video,video,1,OpenBCI-RAW-2026-06-05_15-20-10.txt,24,122.0,132.0,1.0,1.095245162228841,0.6291409735014384,False,True,False,20.0,4,12.0,12,36.0,1,3.0,0.0,1.0,78.00348597702816,103.81278629688238,48.708903329004244,42.880259645990925,22211.276139770627,28978.702132156934
Video,video,1,OpenBCI-RAW-2026-06-05_15-20-10.txt,28,142.0,152.0,1.0,1.195932061678649,0.6458458945510099,False,True,False,20.0,16,48.0,13,39.0,9,27.0,0.23076923076923078,0.3333333333333333,256.24314697713186,207.1788321852077,167.32823402991144,109.9916938283756,65085.477217236534,84276.11485918434
Video,video,1,OpenBCI-RAW-2026-06-05_15-20-10.txt,32,162.0,172.0,1.0,1.49573622394442,0.8029933433693424,False,False,True,20.0,11,33.0,15,45.0,10,30.0,-0.06666666666666665,0.19999999999999996,329.16891831296,189.0370003309201,244.54535839195734,133.89000203498557,64739.06363367,65552.40448648314
Video,video,1,OpenBCI-RAW-2026-06-05_15-20-10.txt,36,182.0,192.0,1.0,1.1001316470655598,0.8450067132280434,True,False,False,20.0,9,27.0,7,21.0,6,18.0,-0.14285714285714285,0.0,270.6439313479902,154.73339407429899,189.74575700646125,62.805429233609566,53435.87517983953,60156.38222955179
Video,video,1,OpenBCI-RAW-2026-06-05_15-20-10.txt,40,202.0,212.0,1.0,0.8037974843399475,0.7741424201446753,False,True,False,20.0,12,36.0,23,69.0,12,36.0,0.13043478260869562,-0.16666666666666669,187.67157660805375,126.12305903545521,117.3786275360447,71.35005797302131,52535.70662990164,66210.73089636154
Video,video,1,OpenBCI-RAW-2026-06-05_15-20-10.txt,44,222.0,232.0,1.0,1.5553290801533652,0.7237580838666173,True,True,False,20.0,13,39.0,19,57.0,9,27.0,-0.1578947368421053,0.11111111111111116,324.7536151368054,156.19728351141515,242.2002426472117,75.91784966105321,65709.91413732096,64914.83271359262
Video,video,1,OpenBCI-RAW-2026-06-05_15-20-10.txt,48,242.0,252.0,1.0,-0.2045222451281428,0.5556337231625551,False,True,False,20.0,11,33.0,19,57.0,11,33.0,0.05263157894736842,-0.09090909090909088,463.5237397800916,138.69847895354923,389.3628499203045,68.45591640829916,80436.20418766973,61601.16848667692
Video,video,1,OpenBCI-RAW-2026-06-05_15-20-10.txt,52,262.0,272.0,1.0,0.8694963532825718,0.8840946587831751,False,False,True,20.0,11,33.0,15,45.0,4,12.0,0.06666666666666665,0.5,255.1236482298599,161.99375235828273,146.13620771478782,66.19331492345799,65756.77683426868,74579.84584793201
Video,video,1,OpenBCI-RAW-2026-06-05_15-20-10.txt,56,282.0,292.0,1.0,1.1095230333600374,0.5863515175721045,True,True,False,20.0,17,51.0,17,51.0,9,27.0,0.05882352941176472,-0.3333333333333333,444.9490471617095,182.05918966152933,323.25774046618653,91.44892706695943,90395.73669053307,87935.63334937982
Video,video,1,OpenBCI-RAW-2026-06-05_15-20-10.txt,60,302.0,312.0,1.0,1.4218443246515795,0.6858102097197978,True,True,False,20.0,13,39.0,27,81.0,15,45.0,-0.11111111111111116,0.19999999999999996,481.2481228719043,189.25787195839172,269.9047668353271,99.21474674501991,169354.01178005713,98784.68897232054
Video,video,1,OpenBCI-RAW-2026-06-05_15-20-10.txt,64,322.0,332.0,1.0,1.6281093899139358,0.7844850420595718,True,True,False,20.0,10,30.0,13,39.0,9,27.0,-0.07692307692307687,0.11111111111111116,347.00641767480784,144.7967930304477,274.35830122164253,69.26671777198483,70994.48461598714,63893.92755927662
Video,video,1,OpenBCI-RAW-2026-06-05_15-20-10.txt,68,342.0,352.0,1.0,1.695404316340086,0.8139067012927566,True,False,False,20.0,11,33.0,20,60.0,10,30.0,-0.10000000000000003,0.19999999999999996,386.69943358752585,165.6155471612354,278.23856519350306,71.30636946856504,95876.29596297038,72731.14382128444
Video,video,1,OpenBCI-RAW-2026-06-05_15-20-10.txt,72,362.0,372.0,1.0,1.2340921907198676,0.8824770508430412,False,False,True,20.0,7,21.0,45,135.0,19,57.0,0.11111111111111116,-0.2631578947368421,258.9635761536668,109.46392236298315,110.68777585571736,36.65347612232804,112530.33165010263,67961.2465939895
Video,video,1,OpenBCI-RAW-2026-06-05_15-20-10.txt,76,382.0,392.0,1.0,1.2572549785754912,0.8777612833976992,True,False,False,20.0,14,42.0,17,51.0,7,21.0,0.17647058823529416,-0.4285714285714286,287.261128756509,147.10619234816576,143.65952807537698,64.39449009442413,103470.18106648007,78182.31540967329
Video,video,1,OpenBCI-RAW-2026-06-05_15-20-10.txt,80,402.0,412.0,1.0,1.326324573613906,0.9120029101644688,False,False,True,20.0,8,24.0,23,69.0,15,45.0,0.13043478260869562,-0.19999999999999996,283.4501593089593,119.96911763147678,182.71223751059722,48.245014734302345,70643.21898199919,61052.17344101246
Video,video,1,OpenBCI-RAW-2026-06-05_15-20-10.txt,84,422.0,432.0,1.0,1.5418382235297865,0.7552181097157116,False,True,False,20.0,14,42.0,5,15.0,5,15.0,0.6000000000000001,-0.19999999999999996,319.93615168080163,149.53256374712709,236.79076577245138,55.02418945796161,51243.65292648914,71728.36021621825
Video,video,1,OpenBCI-RAW-2026-06-05_15-20-10.txt,88,442.0,452.0,1.0,1.613319756009371,0.8261049492248196,False,False,True,20.0,9,27.0,29,87.0,13,39.0,-0.17241379310344823,-0.07692307692307687,333.60474998791074,134.41953598202127,227.04278766816358,68.66385505125997,75805.65591206256,61752.28922064982
Video,video,1,OpenBCI-RAW-2026-06-05_15-20-10.txt,92,462.0,472.0,1.0,1.548903464843833,0.8484977839908561,False,False,True,20.0,5,15.0,31,93.0,9,27.0,0.16129032258064518,-1.0,240.9902651110845,131.47272962296606,175.30189005424046,66.62593513298819,57956.146733556314,50410.903390698215
Video,video,1,OpenBCI-RAW-2026-06-05_15-20-10.txt,96,482.0,492.0,1.0,1.3923232028330743,0.8776771941908549,True,False,False,20.0,8,24.0,26,78.0,16,48.0,-0.07692307692307687,-0.125,258.60045868444746,130.54904676727503,160.3320686773099,68.06695791499153,66779.49322033301,57380.73054844189
Video,video,1,OpenBCI-RAW-2026-06-05_15-20-10.txt,100,502.0,512.0,1.0,1.4931904565996077,0.7515204922286871,False,True,False,20.0,13,39.0,17,51.0,6,18.0,-0.17647058823529416,-0.3333333333333333,341.36850753802076,160.46341927581602,232.37366799184147,55.57475658209715,72952.24654870131,69075.18484144544
Video,video,1,OpenBCI-RAW-2026-06-05_15-20-10.txt,104,522.0,532.0,1.0,1.1775673970556733,0.8035201257053163,False,False,True,20.0,14,42.0,22,66.0,6,18.0,0.2727272727272727,-0.6666666666666667,312.74329445565877,168.03453853994893,243.85937841233155,86.38989558851361,59961.97919088914,74213.45155189246
Video,video,1,OpenBCI-RAW-2026-06-05_15-20-10.txt,108,542.0,552.0,1.0,1.5759848647544223,0.7806167918784921,False,True,False,20.0,15,45.0,18,54.0,7,21.0,0.4444444444444444,-0.4285714285714286,304.647644653091,180.86050628439583,191.32019062090666,89.960406040399,69940.47838988775,72273.47058739881
Video,video,1,OpenBCI-RAW-2026-06-05_15-20-10.txt,112,562.0,572.0,1.0,1.0746035867841004,0.8343505314172273,False,False,True,20.0,8,24.0,9,27.0,11,33.0,-0.3333333333333333,0.4545454545454546,238.76606607849584,173.90102990958957,190.2451715743654,79.58056251690017,38541.135952434226,58682.076790645464
Video,video,1,OpenBCI-RAW-2026-06-05_15-20-10.txt,116,582.0,592.0,1.0,1.6175709699475431,0.8228537132097805,True,False,False,20.0,11,33.0,16,48.0,4,12.0,0.0,0.0,292.1973222803941,151.85633704908543,183.6837785781566,94.80054474046368,59370.93167077663,64078.582598028785
Video,video,1,OpenBCI-RAW-2026-06-05_15-20-10.txt,120,602.0,612.0,1.0,1.2264030525848864,0.6294864279768126,False,True,False,20.0,11,33.0,11,33.0,1,3.0,-0.09090909090909088,-1.0,385.17386926872393,159.04766264078165,281.4204468178785,95.6488640693825,71633.1908491306,50413.92841969557
Video,video,1,OpenBCI-RAW-2026-06-05_15-20-10.txt,124,622.0,632.0,2.0,1.3384973849012938,0.7061777089472814,False,True,False,20.0,10,30.0,10,30.0,7,21.0,0.19999999999999996,-0.14285714285714285,179.66297744777893,179.2460309747412,78.59515653552853,118.39553882953516,54351.60810588985,61923.057354857985
Video,video,1,OpenBCI-RAW-2026-06-05_15-20-10.txt,128,642.0,652.0,2.0,1.2273713944041027,0.9026575555277008,True,False,False,20.0,13,39.0,13,39.0,6,18.0,0.07692307692307687,0.0,280.74849456432236,187.4992357220886,169.5444081337959,127.54160699963474,66188.32840668836,58590.76235920897
Video,video,1,OpenBCI-RAW-2026-06-05_15-20-10.txt,132,662.0,672.0,2.0,0.7838684013534901,0.8246484525138935,False,False,True,20.0,8,24.0,6,18.0,6,18.0,0.0,0.6666666666666667,252.9460484717636,107.72715289094286,190.35378054271808,48.55122237399432,44369.55007329871,45339.52567668141
Video,video,1,OpenBCI-RAW-2026-06-05_15-20-10.txt,136,682.0,692.0,2.0,1.1453266284027426,0.8418152442614756,False,False,True,20.0,12,36.0,10,30.0,4,12.0,0.0,0.0,325.8420588737369,142.9064663515113,256.69805937812487,91.26733047657348,50534.63955700699,49724.28101332207
Video,video,1,OpenBCI-RAW-2026-06-05_15-20-10.txt,140,702.0,712.0,2.0,0.7348884406058935,0.7873217357338844,False,True,False,20.0,15,45.0,10,30.0,4,12.0,0.0,1.0,174.44926545613862,143.74279708824122,109.63546774867427,68.94294172697306,35558.70988108041,75249.55070997067
Video,video,1,OpenBCI-RAW-2026-06-05_15-20-10.txt,144,722.0,732.0,2.0,1.13496674719849,0.862031385081382,False,False,True,20.0,15,45.0,3,9.0,2,6.0,-0.3333333333333333,-1.0,81.2444544954376,122.0130347531052,38.2846488495413,45.283815757433324,18237.73260174469,58881.92813258591
Video,video,1,OpenBCI-RAW-2026-06-05_15-20-10.txt,148,742.0,752.0,2.0,1.2796852166633603,0.895295132414949,False,False,True,20.0,12,36.0,13,39.0,6,18.0,-0.23076923076923078,-1.0,131.98856235132885,132.86122326100045,80.0477408258092,65.6141592243897,32636.411826153402,53333.907001160245
Video,video,1,OpenBCI-RAW-2026-06-05_15-20-10.txt,152,762.0,772.0,2.0,1.4597495129251468,0.9213762765501582,True,False,False,20.0,10,30.0,11,33.0,5,15.0,-0.09090909090909088,-0.19999999999999996,220.69979705084793,108.57750727194706,175.53700468714823,37.00154674759218,39120.140078616365,49694.94267188191
Video,video,1,OpenBCI-RAW-2026-06-05_15-20-10.txt,156,782.0,792.0,2.0,0.7461499797538951,0.8065987797240664,False,False,True,20.0,9,27.0,12,36.0,5,15.0,0.3333333333333333,-1.0,187.94407664692508,140.52634668761115,102.32157790715682,78.05234876333232,50620.610595426384,64585.12563623944
Video,video,1,OpenBCI-RAW-2026-06-05_15-20-10.txt,160,802.0,812.0,2.0,2.0878194808456296,0.8738601218206639,True,False,False,20.0,8,24.0,3,9.0,2,6.0,-0.3333333333333333,-1.0,136.8385068210415,126.5109985269328,75.9243485618639,74.69826354045226,33128.318837375395,50156.84015434358
Video,video,1,OpenBCI-RAW-2026-06-05_15-20-10.txt,164,822.0,832.0,2.0,1.2035934079714807,0.8772818257219097,True,False,False,20.0,14,42.0,7,21.0,3,9.0,-0.14285714285714285,-1.0,185.16571712161942,354.6507926370101,77.31674244721741,278.20818212307665,42882.27231556355,66707.9636816395
Video,video,1,OpenBCI-RAW-2026-06-05_15-20-10.txt,168,842.0,852.0,2.0,1.411987665200191,0.900655644829149,True,False,False,20.0,12,36.0,25,75.0,7,21.0,-0.040000000000000036,0.14285714285714285,279.16791939067036,925.8136886008816,146.6916362101504,809.1221105113056,78878.56011687477,81626.4596149339
Video,video,1,OpenBCI-RAW-2026-06-05_15-20-10.txt,172,862.0,872.0,2.0,0.834606887447354,0.8188066424433638,False,False,True,20.0,9,27.0,26,78.0,10,30.0,0.1538461538461538,-0.19999999999999996,277.7820473247904,112.92046901560775,170.6913790596468,69.71644899739064,73122.27374413321,54172.82811971251
Video,video,1,OpenBCI-RAW-2026-06-05_15-20-10.txt,176,882.0,892.0,2.0,1.0827622504866443,0.8342359746576867,False,False,True,20.0,9,27.0,25,75.0,7,21.0,0.12000000000000005,0.14285714285714285,259.4277355521802,250.66225224793317,113.20010854788579,214.2248080819744,71340.87518768449,60321.77095172455
Video,video,1,OpenBCI-RAW-2026-06-05_15-20-10.txt,180,902.0,912.0,2.0,0.8199655659499088,0.795590646542099,False,True,False,20.0,9,27.0,12,36.0,4,12.0,0.5,-0.5,176.8326398965793,95.77006855850132,118.60252437387965,36.61908355055761,41613.4175668049,43640.549042079714
Video,video,1,OpenBCI-RAW-2026-06-05_15-20-10.txt,184,922.0,932.0,2.0,1.46267221575052,0.9039774508779004,False,False,True,20.0,12,36.0,21,63.0,15,45.0,-0.04761904761904767,-0.4666666666666666,252.83506911485873,146.62901173199066,173.01827595469598,98.39601708306652,64060.313897884196,71045.71171142362
Video,video,1,OpenBCI-RAW-2026-06-05_15-20-10.txt,188,942.0,952.0,2.0,1.9886896024357996,0.8689791536554773,False,False,True,20.0,11,33.0,11,33.0,9,27.0,-0.2727272727272727,-0.5555555555555556,124.591455884366,113.99075271019633,89.9589623487407,46.828058965627264,30168.882584941875,60088.374024915836
Video,video,1,OpenBCI-RAW-2026-06-05_15-20-10.txt,192,962.0,972.0,2.0,1.4517003039876246,0.8760000182438189,False,False,True,20.0,15,45.0,7,21.0,5,15.0,-0.14285714285714285,-0.6000000000000001,94.0082067508091,194.13707191411385,48.764460947619604,80.16691054887559,27988.604627150016,70640.1565213762
Video,video,1,OpenBCI-RAW-2026-06-05_15-20-10.txt,196,982.0,992.0,2.0,1.6739517479297257,0.7644033942532665,False,True,False,20.0,12,36.0,12,36.0,5,15.0,0.5,-0.19999999999999996,272.02481680537625,125.22734942408502,231.64471478478288,70.79878085116917,44660.154718086254,53997.226551607986
Video,video,1,OpenBCI-RAW-2026-06-05_15-20-10.txt,200,1002.0,1012.0,2.0,1.7847807614925162,0.8278756975832827,True,False,False,20.0,8,24.0,14,42.0,8,24.0,-0.14285714285714285,-0.5,222.71407523948204,136.41730122425443,167.5018379988949,66.40104694653068,48167.73300466262,53963.05600671713
Video,video,1,OpenBCI-RAW-2026-06-05_15-20-10.txt,204,1022.0,1032.0,2.0,0.749481727359649,0.8059894462391044,False,False,True,20.0,9,27.0,14,42.0,7,21.0,0.14285714285714285,-0.4285714285714286,330.2228824602537,113.25285955369239,217.13572805885073,65.69198330518114,57913.80830469811,48362.79649023248
Video,video,1,OpenBCI-RAW-2026-06-05_15-20-10.txt,208,1042.0,1052.0,2.0,1.1631304824584436,0.8521746836689329,True,False,False,20.0,11,33.0,28,84.0,12,36.0,0.0,0.3333333333333333,288.9538478297091,126.50811625223754,192.83028168304952,65.67849875545389,65330.27792778431,56562.96492459015
Video,video,1,OpenBCI-RAW-2026-06-05_15-20-10.txt,212,1062.0,1072.0,2.0,1.6831805848451524,0.7769935812495433,True,True,False,20.0,14,42.0,10,30.0,6,18.0,-0.39999999999999997,-0.3333333333333333,223.15981949314357,170.80647524847515,162.47783814606714,80.81552875119475,49612.426356759235,63725.04398617181
Video,video,1,OpenBCI-RAW-2026-06-05_15-20-10.txt,216,1082.0,1092.0,2.0,1.3753482527881136,0.8992338772237924,False,False,True,20.0,5,15.0,47,141.0,20,60.0,-0.1063829787234043,-0.39999999999999997,281.01191772101697,119.00144892903049,167.75049211055244,68.72871280578744,85821.12812007463,50790.37634645011
Video,video,1,OpenBCI-RAW-2026-06-05_15-20-10.txt,220,1102.0,1112.0,2.0,1.325603644574231,0.8845523223864985,False,False,True,20.0,11,33.0,7,21.0,7,21.0,-0.14285714285714285,-0.14285714285714285,138.5770322438432,133.66141331981223,93.63783208523455,75.35025862332472,32804.07039041809,59354.31807906026
Video,video,1,OpenBCI-RAW-2026-06-05_15-20-10.txt,224,1122.0,1132.0,2.0,1.620933814819859,0.8858398438502882,True,False,False,20.0,13,39.0,14,42.0,14,42.0,0.4285714285714286,-0.4285714285714286,212.58610554337093,116.19520008670784,147.43383868250024,44.174798812845886,44646.251554107774,62849.27767440223
Video,video,1,OpenBCI-RAW-2026-06-05_15-20-10.txt,228,1142.0,1152.0,2.0,1.4920892926808134,0.8849888775384607,False,False,True,20.0,20,60.0,7,21.0,5,15.0,0.4285714285714286,-0.19999999999999996,179.0230837746271,166.73800251726738,115.16561941172,63.91722730339518,33579.42495709369,72789.16921539507
Video,video,1,OpenBCI-RAW-2026-06-05_15-20-10.txt,232,1162.0,1172.0,2.0,0.9720464936984068,0.8579051496454417,False,False,True,20.0,17,51.0,2,6.0,3,9.0,0.0,-0.3333333333333333,94.26294346891592,117.79117829651827,68.8021694049539,52.40087355637268,20814.034836728148,60829.2803227674
Video,video,1,OpenBCI-RAW-2026-06-05_15-20-10.txt,236,1182.0,1192.0,2.0,1.7849536208437569,0.8389974016560202,False,False,True,20.0,14,42.0,4,12.0,3,9.0,0.0,0.3333333333333333,124.95807608425618,108.32908274805331,95.02643526990762,48.19434976410226,26036.925741592993,52381.102013569274
Video,video,1,OpenBCI-RAW-2026-06-05_15-20-10.txt,240,1202.0,1212.0,2.0,1.5200585442508183,0.8836417361132619,False,False,True,20.0,21,63.0,6,18.0,2,6.0,0.0,-1.0,156.2806087232965,154.49442604070742,97.0016898091531,66.62736875565007,31522.16688779997,73430.1146102769
Video,video,1,OpenBCI-RAW-2026-06-05_15-20-10.txt,244,1222.0,1232.0,3.0,2.05380351324835,0.8852115148144859,False,False,True,20.0,9,27.0,15,45.0,19,57.0,0.19999999999999996,-0.1578947368421053,222.3652645167533,177.0979977034095,194.41273191597125,135.52792468730087,37308.374986771654,60388.711531990884
Video,video,1,OpenBCI-RAW-2026-06-05_15-20-10.txt,248,1242.0,1252.0,3.0,1.2976675952730297,0.842172501408602,False,False,True,20.0,19,57.0,6,18.0,3,9.0,0.3333333333333333,-0.3333333333333333,130.33374506137622,166.90771216155187,99.22372148109548,82.311918971695,24148.86333141197,75424.23198215237
Video,video,1,OpenBCI-RAW-2026-06-05_15-20-10.txt,252,1262.0,1272.0,3.0,1.338258748707117,0.8892341558298482,False,False,True,20.0,15,45.0,7,21.0,3,9.0,-0.14285714285714285,-0.3333333333333333,141.67890615289437,130.12342685153334,91.01017306655679,52.86122483256401,27732.729566310365,52111.0601923781
Video,video,1,OpenBCI-RAW-2026-06-05_15-20-10.txt,256,1282.0,1292.0,3.0,1.6108598127169609,0.9000327635252211,False,False,True,20.0,6,18.0,16,48.0,7,21.0,-0.125,-1.0,97.94693599598502,71.58143799484198,83.79796567357445,28.367647025969557,18505.813419306178,32501.054582016957
Video,video,1,OpenBCI-RAW-2026-06-05_15-20-10.txt,260,1302.0,1312.0,3.0,1.5329686319178897,0.8971987571595266,False,False,True,20.0,11,33.0,15,45.0,3,9.0,-0.06666666666666665,-1.0,103.001019330665,110.26661784709984,68.33221056093808,35.20916112791647,22171.05611990702,39932.49838963869
Video,video,1,OpenBCI-RAW-2026-06-05_15-20-10.txt,264,1322.0,1332.0,3.0,1.8204312423435849,0.9122555860913788,False,False,True,20.0,7,21.0,8,24.0,1,3.0,-0.25,-1.0,88.15229629451247,68.913977145726,81.52127968565286,29.46859986026272,12901.151873531297,24690.433364875607
Video,video,1,OpenBCI-RAW-2026-06-05_15-20-10.txt,268,1342.0,1352.0,3.0,1.5477249620394504,0.9035692499513012,False,False,True,20.0,11,33.0,8,24.0,6,18.0,0.0,-1.0,175.3430011715854,90.70926621795022,123.96828702236846,25.651830560320388,24451.001796639124,44216.0398150019
Video,video,1,OpenBCI-RAW-2026-06-05_15-20-10.txt,272,1362.0,1372.0,3.0,1.7850035280405954,0.9156749469288936,False,False,True,20.0,12,36.0,16,48.0,3,9.0,-0.125,1.0,124.85438982703705,101.23926736052277,82.53311608850409,30.364037872470732,23534.93219978958,43269.01826576603
Video,video,1,OpenBCI-RAW-2026-06-05_15-20-10.txt,276,1382.0,1392.0,3.0,1.562723137344888,0.8965002130787503,False,False,True,20.0,16,48.0,13,39.0,3,9.0,-0.07692307692307687,-0.3333333333333333,67.02719720973064,109.09095574805313,34.36354308887684,41.04050728800968,23221.08318156016,53957.14800592171
Video,video,1,OpenBCI-RAW-2026-06-05_15-20-10.txt,280,1402.0,1412.0,3.0,1.520649242419295,0.9296663056125728,False,False,True,20.0,11,33.0,14,42.0,7,21.0,0.0,-0.4285714285714286,96.47363587101833,113.42135603398424,61.49570295984433,55.68263836130903,22483.97344517115,48896.03402430638
Video,video,1,OpenBCI-RAW-2026-06-05_15-20-10.txt,284,1422.0,1432.0,3.0,1.777927542292682,0.9090386108543118,False,False,True,20.0,12,36.0,12,36.0,3,9.0,0.16666666666666669,-0.3333333333333333,89.17956690621362,96.81748424120474,58.365924930516265,51.124462585256474,21652.620673275436,41763.64541321739
Video,video,1,OpenBCI-RAW-2026-06-05_15-20-10.txt,288,1442.0,1452.0,3.0,1.3709515624374629,0.8566382035854427,False,False,True,20.0,11,33.0,3,9.0,4,12.0,-0.3333333333333333,-1.0,83.52651171103106,83.60966332391816,66.50232651237123,22.398597601423052,15689.210317258312,40103.127076110846
Video,video,1,OpenBCI-RAW-2026-06-05_15-20-10.txt,292,1462.0,1472.0,3.0,1.484895414944294,0.8827437309078514,False,False,True,20.0,16,48.0,4,12.0,4,12.0,-0.5,-1.0,92.57086916863915,111.78417473322247,77.45923578249392,35.24495051304928,18813.605414148195,58901.03064651227
Video,video,1,OpenBCI-RAW-2026-06-05_15-20-10.txt,296,1482.0,1492.0,3.0,1.5331639658637262,0.8942021278631038,False,False,True,20.0,11,33.0,7,21.0,3,9.0,-0.14285714285714285,-1.0,140.78883846621818,104.16683742143654,93.1441710749872,35.241974832662926,17585.243530281703,40649.29682952618
Video,video,1,OpenBCI-RAW-2026-06-05_15-20-10.txt,300,1502.0,1512.0,3.0,1.7185047962822604,0.8932654568552331,False,False,True,20.0,13,39.0,11,33.0,2,6.0,0.2727272727272727,-1.0,103.9383726062842,114.94784334921835,76.3050949245836,44.07456565938913,23028.425687385028,46323.81772904924
Video,video,1,OpenBCI-RAW-2026-06-05_15-20-10.txt,304,1522.0,1532.0,3.0,1.3850486728710512,0.8966370417284985,False,False,True,20.0,8,24.0,6,18.0,0,0.0,-0.3333333333333333,,100.18084855166614,102.00117436217226,77.96025539670825,46.64878744238435,14851.377962356346,28807.032400289965
Video,video,1,OpenBCI-RAW-2026-06-05_15-20-10.txt,308,1542.0,1552.0,3.0,1.7070712342067569,0.898513955302717,False,False,True,20.0,9,27.0,4,12.0,1,3.0,-1.0,-1.0,94.53207976889861,79.4400308370198,84.58661660567986,27.705574945075334,14528.985273718437,29393.39416303595
Video,video,1,OpenBCI-RAW-2026-06-05_15-20-10.txt,312,1562.0,1572.0,3.0,1.5525289859016849,0.9038561106326382,False,False,True,20.0,13,39.0,9,27.0,4,12.0,-0.11111111111111116,-0.5,117.96858384819667,128.7150096952257,83.41821529859065,56.05017141943746,25515.169988959322,52009.739127853405
Video,video,1,OpenBCI-RAW-2026-06-05_15-20-10.txt,316,1582.0,1592.0,3.0,1.694085630586872,0.8904797496907373,False,False,True,20.0,5,15.0,10,30.0,3,9.0,0.0,0.3333333333333333,98.34740977337017,65.00039905820927,77.37664613980236,26.040128248282606,15923.727489187473,22294.343383956802
Video,video,1,OpenBCI-RAW-2026-06-05_15-20-10.txt,320,1602.0,1612.0,3.0,1.6866679585508502,0.9187879244180868,False,False,True,20.0,12,36.0,13,39.0,5,15.0,-0.3846153846153846,-0.19999999999999996,175.21876125633386,151.68652042161253,147.42987466626968,64.87322739475259,24635.99476024122,46926.69335333181
Video,video,1,OpenBCI-RAW-2026-06-05_15-20-10.txt,324,1622.0,1632.0,3.0,1.767799922879025,0.9064129337734944,False,False,True,20.0,10,30.0,16,48.0,4,12.0,0.125,-1.0,145.23950389920887,105.90181133133288,111.94518535548531,37.19831643585917,25621.74853324991,39354.120300718074
Video,video,1,OpenBCI-RAW-2026-06-05_15-20-10.txt,328,1642.0,1652.0,3.0,1.6751170208763353,0.9058742865318956,False,False,True,20.0,16,48.0,12,36.0,2,6.0,0.3333333333333333,-1.0,164.74957503515253,137.81040504601697,111.41716819334631,62.41995255938353,34069.41063086653,58820.62042560824
Video,video,1,OpenBCI-RAW-2026-06-05_15-20-10.txt,332,1662.0,1672.0,3.0,1.3731834811178611,0.9139771681172756,False,False,True,20.0,22,66.0,6,18.0,1,3.0,0.0,1.0,238.71277140558888,193.89736737205902,208.88178983369932,113.71868724083302,33499.543547206675,86261.69572556272
Video,video,1,OpenBCI-RAW-2026-06-05_15-20-10.txt,336,1682.0,1692.0,3.0,1.6445387266027631,0.9188671976511577,False,False,True,20.0,19,57.0,6,18.0,1,3.0,0.6666666666666667,-1.0,120.38584318086667,138.22983582172571,52.769352423989005,48.451452952520825,32147.586331687933,74941.95411400883
Video,video,1,OpenBCI-RAW-2026-06-05_15-20-10.txt,340,1702.0,1712.0,3.0,1.8350531351624777,0.9143309217591168,False,False,True,20.0,10,30.0,11,33.0,3,9.0,-0.2727272727272727,0.3333333333333333,98.09219039922647,110.75104448116657,79.20407540679487,53.00536584928435,19650.737812942978,40273.57354917452
Video,video,1,OpenBCI-RAW-2026-06-05_15-20-10.txt,344,1722.0,1732.0,3.0,1.7838382344356605,0.9212368865122568,False,False,True,20.0,4,12.0,4,12.0,2,6.0,0.0,-1.0,62.86669626388066,63.01176671435789,55.44254398657839,36.65892273016934,9399.668529496372,16756.637514390048
Video,video,1,OpenBCI-RAW-2026-06-05_15-20-10.txt,348,1742.0,1752.0,3.0,1.892847600025672,0.9148851246977288,False,False,True,20.0,16,48.0,6,18.0,2,6.0,0.3333333333333333,0.0,118.85120249845222,246.5994409252763,100.10416767526283,107.4226508570435,22869.997648509838,72398.40955623201
Video,video,1,OpenBCI-RAW-2026-06-05_15-20-10.txt,352,1762.0,1772.0,3.0,1.7159823454458296,0.912472931933768,False,False,True,20.0,8,24.0,15,45.0,5,15.0,0.3333333333333333,-0.6000000000000001,185.4247766461736,230.2859422392998,141.3977977236456,202.50109764006095,27929.843084046784,33933.18598356882
Video,video,1,OpenBCI-RAW-2026-06-05_15-20-10.txt,356,1782.0,1792.0,3.0,1.4932526835607605,0.8702901870790035,False,False,True,20.0,1,3.0,3,9.0,1,3.0,-0.3333333333333333,-1.0,57.70079138094465,69.0106098717498,49.4239267231143,39.633268846960085,9211.354165649216,15129.218398932479
Video,video,1,OpenBCI-RAW-2026-06-05_15-20-10.txt,360,1802.0,1812.0,3.0,1.5626067650119129,0.8982854105353965,False,False,True,20.0,9,27.0,12,36.0,1,3.0,-0.3333333333333333,-1.0,93.67158239101157,116.22876584677776,57.366275264169495,52.20678868637106,22481.863001436835,39751.40077524753
Video,video,1,OpenBCI-RAW-2026-06-05_15-20-10.txt,364,1822.0,1832.0,3.0,1.7307016306530654,0.9082524369276253,False,False,True,20.0,20,60.0,6,18.0,2,6.0,-0.3333333333333333,-1.0,111.43328018199855,157.97393622659882,65.40487394499269,53.279630285841215,25764.17435164388,71598.05338681457
Video,video,1,OpenBCI-RAW-2026-06-05_15-20-10.txt,368,1842.0,1852.0,,1.3950363149642684,0.8401964997233784,False,False,True,20.0,17,51.0,11,33.0,4,12.0,-0.09090909090909088,-0.5,139.0443349924202,162.432293857863,79.65380575499842,52.28449168657813,28538.97639795097,79465.86202944226
Video,video,1,OpenBCI-RAW-2026-06-05_15-20-10.txt,372,1862.0,1872.0,,1.631614918826846,0.8700026080065574,False,False,True,20.0,12,36.0,14,42.0,2,6.0,0.0,0.0,96.04291596378152,142.15727924109615,72.8181273444641,70.49589230053283,23115.393330506722,48613.0882123413
Eyes open,eyes_open,1,OpenBCI-RAW-2026-06-05_16-32-02.txt,0,2.0,12.0,,0.999071651710992,0.7950707752733945,False,True,False,20.0,8,24.0,10,30.0,4,12.0,-0.39999999999999997,0.5,3854.4782900702885,1309.0378199938125,3875.3043882038596,1312.5707462448427,125306.31421296559,56840.52902705343
Eyes open,eyes_open,1,OpenBCI-RAW-2026-06-05_16-32-02.txt,4,22.0,32.0,,0.8404315430190618,0.7404186649664853,False,True,False,20.0,4,12.0,0,0.0,1,3.0,,-1.0,40.07843932267151,41.21314125094303,39.30739035620385,18.00199869131863,6255.914419013189,12245.066189607025
Eyes open,eyes_open,1,OpenBCI-RAW-2026-06-05_16-32-02.txt,8,42.0,52.0,,1.0355173063731626,0.8223162282740559,False,False,True,20.0,1,3.0,0,0.0,0,0.0,,,5.204472240913648,15.818802613755675,4.194355322293284,7.60599599901059,5120.604209536841,5353.921308268359
Eyes open,eyes_open,1,OpenBCI-RAW-2026-06-05_16-32-02.txt,12,62.0,72.0,,1.0701964989125046,0.8139101123108831,False,False,True,20.0,2,6.0,0,0.0,0,0.0,,,6.890079052577371,15.892724685101358,5.869591600333867,10.55533108081911,5143.758530331893,5013.254513839265
Eyes open,eyes_open,1,OpenBCI-RAW-2026-06-05_16-32-02.txt,16,82.0,92.0,,0.9352184507136668,0.7885322513998638,False,True,False,20.0,1,3.0,0,0.0,1,3.0,,1.0,6.209926152928635,31.711493258313173,4.903917602481981,19.17258181140514,5495.052930008528,7623.275058956409
